{
	"info": {
		"_postman_id": "341afdae-909d-431e-9a1b-4bbb7e7af9ae",
		"name": "BookMate Engine API",
		"schema": "https://schema.getpostman.com/json/collection/v2.1.0/collection.json",
		"_exporter_id": "46367238",
		"_collection_link": "https://adriellenarvasa.postman.co/workspace/Adrielle-Narvasa's-Workspace~b648f569-2316-467d-8de8-5174a8dfc938/collection/46367238-341afdae-909d-431e-9a1b-4bbb7e7af9ae?action=share&source=collection_link&creator=46367238"
	},
	"item": [
		{
			"name": "http://127.0.0.1:5000/api/auth/apikey-check",
			"request": {
				"method": "GET",
				"header": [
					{
						"key": "x-api-key",
						"value": "test-key",
						"type": "text"
					}
				],
				"url": {
					"raw": "http://127.0.0.1:5000/api/auth/apikey-check",
					"protocol": "http",
					"host": [
						"127",
						"0",
						"0",
						"1"
					],
					"port": "5000",
					"path": [
						"api",
						"auth",
						"apikey-check"
					]
				}
			},
			"response": []
		},
		{
			"name": "http://127.0.0.1:5000/api/bookings/",
			"request": {
				"method": "GET",
				"header": [],
				"url": {
					"raw": "http://127.0.0.1:5000/api/bookings/",
					"protocol": "http",
					"host": [
						"127",
						"0",
						"0",
						"1"
					],
					"port": "5000",
					"path": [
						"api",
						"bookings",
						""
					]
				}
			},
			"response": []
		},
		{
			"name": "http://127.0.0.1:5000/api/bookings/",
			"request": {
				"method": "POST",
				"header": [
					{
						"key": "Content-Type",
						"value": "application/json",
						"type": "text"
					}
				],
				"body": {
					"mode": "raw",
					"raw": "{\n  \"user_id\": 1,\n  \"timeslot_id\": 1,\n  \"customer_name\": \"Adrielle\",\n  \"device_token\": \"test-dummy-token\"\n}\n",
					"options": {
						"raw": {
							"language": "json"
						}
					}
				},
				"url": {
					"raw": "http://127.0.0.1:5000/api/bookings/",
					"protocol": "http",
					"host": [
						"127",
						"0",
						"0",
						"1"
					],
					"port": "5000",
					"path": [
						"api",
						"bookings",
						""
					]
				}
			},
			"response": []
		},
		{
			"name": "http://127.0.0.1:5000/api/payments/charge",
			"request": {
				"method": "POST",
				"header": [
					{
						"key": "Content-Type",
						"value": "application/json",
						"type": "text"
					}
				],
				"body": {
					"mode": "raw",
					"raw": "{\n  \"amount\": 1500,\n  \"method\": \"gcash\"\n}\n",
					"options": {
						"raw": {
							"language": "json"
						}
					}
				},
				"url": {
					"raw": "http://127.0.0.1:5000/api/payments/charge",
					"protocol": "http",
					"host": [
						"127",
						"0",
						"0",
						"1"
					],
					"port": "5000",
					"path": [
						"api",
						"payments",
						"charge"
					]
				}
			},
			"response": []
		}
	]
}